date,text
2025-07-03,Clip breakage observed during procedure
2025-07-08,No issue observed in routine use
2025-07-15,Minor inflammation reported after implantation
2025-08-02,Clip slipped during surgery
2025-08-11,No issue observed during follow-up
2025-08-19,Breakage at tip noticed during handling
2025-09-05,Mild discomfort but no device issue confirmed
2025-09-14,Migration suspected after placement
2025-10-01,No issue observed
2025-10-10,Inflammation and redness near implantation site
2025-11-06,"Stable result, no issue observed"
2025-11-17,Clip breakage observed during procedure
